PLAYER,TEAM,POSITION,GP,MIN,PPG,APG,RPG,SPG,BPG,TOV,FG_PCT,FG3_PCT,FT_PCT,PTS_per_36,AST_per_36,REB_per_36,ALL_AROUND_SCORE,ARCHETYPE
A.J. Lawson,TOR,G,26,18.7,9.1,1.2,3.3,0.5,0.2,0.6,0.421,0.327,0.683,17.518716577540108,2.310160427807487,6.352941176470588,13.3,Role Player
AJ Green,MIL,G,73,22.7,7.4,1.5,2.4,0.5,0.1,0.5,0.429,0.427,0.815,11.73568281938326,2.3788546255506606,3.8061674008810575,10.9,Role Player
AJ Johnson,WAS,G,29,22.0,7.6,2.6,2.0,0.4,0.1,1.2,0.385,0.267,0.865,12.436363636363637,4.254545454545455,3.272727272727273,11.6,Role Player
Aaron Gordon,DEN,F,51,28.4,14.7,3.2,4.8,0.5,0.3,1.4,0.531,0.436,0.81,18.633802816901408,4.056338028169015,6.084507042253521,23.3,Scorer
Aaron Holiday,HOU,G,62,12.8,5.5,1.3,1.3,0.3,0.2,0.6,0.437,0.398,0.829,15.46875,3.65625,3.65625,6.7,Role Player
Aaron Nesmith,IND,G-F,45,24.9,12.0,1.2,4.0,0.8,0.4,0.8,0.507,0.431,0.913,17.34939759036145,1.7349397590361446,5.783132530120482,19.5,Role Player
Aaron Wiggins,OKC,G,76,22.9,12.0,1.8,3.9,0.8,0.2,0.9,0.488,0.383,0.831,18.8646288209607,2.8296943231441047,6.131004366812228,19.3,Role Player
Adem Bona,PHI,F,58,15.6,5.8,0.5,4.2,0.4,1.2,1.1,0.703,0.0,0.67,13.384615384615385,1.153846153846154,9.692307692307693,15.9,Rebounder / Interior Player
Ajay Mitchell,OKC,G,36,16.6,6.5,1.8,1.9,0.7,0.1,0.8,0.495,0.383,0.829,14.096385542168674,3.903614457831325,4.120481927710843,11.5,Role Player
Al Horford,BOS,C-F,60,27.6,9.0,2.1,6.2,0.6,0.9,0.8,0.423,0.363,0.895,11.73913043478261,2.739130434782609,8.08695652173913,23.7,Rebounder / Interior Player
Alec Burks,MIA,G,49,17.6,7.3,1.1,2.5,0.6,0.1,0.6,0.424,0.425,0.776,14.93181818181818,2.25,5.113636363636363,11.0,Role Player
Alex Caruso,OKC,G,54,19.3,7.1,2.5,2.9,1.6,0.6,0.7,0.446,0.353,0.824,13.243523316062175,4.66321243523316,5.409326424870466,23.7,Rebounder / Interior Player
Alex Sarr,WAS,C,67,27.1,13.0,2.4,6.5,0.7,1.5,1.7,0.394,0.308,0.679,17.269372693726936,3.188191881918819,8.634686346863468,31.1,Rebounder / Interior Player
Alperen Sengun,HOU,C,76,31.5,19.1,4.9,10.3,1.1,0.8,2.6,0.496,0.233,0.692,21.82857142857143,5.6,11.771428571428572,44.5,All-Around Player
Amen Thompson,HOU,G-F,69,32.3,14.1,3.8,8.2,1.4,1.3,2.0,0.557,0.275,0.684,15.715170278637773,4.235294117647059,9.139318885448915,40.9,All-Around Player
Amir Coffey,LAC,G-F,72,24.3,9.7,1.1,2.2,0.6,0.1,0.6,0.471,0.409,0.891,14.370370370370368,1.6296296296296298,3.2592592592592595,12.1,Role Player
Andre Drummond,PHI,C,40,18.8,7.3,0.9,7.8,1.0,0.5,1.4,0.5,0.15,0.622,13.978723404255318,1.7234042553191489,14.936170212765957,23.7,Rebounder / Interior Player
Andre Jackson Jr.,MIL,G,67,14.6,3.4,1.2,2.7,0.5,0.2,0.9,0.477,0.395,0.5,8.383561643835616,2.958904109589041,6.657534246575343,8.7,Role Player
Andrew Nembhard,IND,G-F,65,28.9,10.0,5.0,3.3,1.2,0.2,1.7,0.458,0.291,0.794,12.456747404844291,6.228373702422146,4.110726643598616,25.6,Playmaker
Andrew Wiggins,MIA,F,60,30.7,18.0,2.6,4.5,1.0,0.8,1.7,0.448,0.374,0.763,21.107491856677527,3.0488599348534207,5.276872964169382,30.1,All-Around Player
Anfernee Simons,POR,G,70,32.7,19.3,4.8,2.7,0.9,0.1,2.0,0.426,0.363,0.902,21.247706422018346,5.28440366972477,2.9724770642201834,27.7,Scorer
Anthony Black,ORL,G,78,24.2,9.4,3.1,2.9,1.1,0.6,1.8,0.423,0.318,0.761,13.983471074380166,4.611570247933885,4.31404958677686,22.7,Rebounder / Interior Player
Anthony Davis,DAL,F-C,51,33.4,24.7,3.5,11.6,1.2,2.2,2.2,0.516,0.282,0.775,26.622754491017965,3.7724550898203595,12.502994011976048,55.7,All-Around Player
Anthony Edwards,MIN,G,79,36.3,27.6,4.5,5.7,1.2,0.6,3.2,0.447,0.395,0.837,27.371900826446286,4.462809917355372,5.652892561983471,41.9,All-Around Player
Antonio Reeves,NOP,G,44,15.0,6.9,0.9,1.4,0.5,0.1,0.7,0.456,0.395,0.8,16.560000000000002,2.16,3.3599999999999994,7.9,Role Player
Ausar Thompson,DET,G-F,59,22.5,10.1,2.3,5.1,1.7,0.7,1.4,0.535,0.224,0.641,16.16,3.6799999999999997,8.16,29.9,Rebounder / Interior Player
Austin Reaves,LAL,G,73,34.9,20.2,5.8,4.5,1.1,0.3,2.4,0.46,0.377,0.877,20.836676217765042,5.982808022922637,4.641833810888252,35.3,All-Around Player
Ayo Dosunmu,CHI,G,46,30.3,12.3,4.5,3.5,0.9,0.4,1.5,0.492,0.328,0.785,14.613861386138614,5.346534653465346,4.158415841584159,25.5,Playmaker
Bam Adebayo,MIA,C-F,78,34.3,18.1,4.3,9.6,1.3,0.7,2.1,0.485,0.357,0.765,18.997084548104958,4.513119533527697,10.075801749271138,42.6,All-Around Player
Baylor Scheierman,BOS,G,31,12.4,3.6,1.1,2.1,0.5,0.1,0.4,0.355,0.317,0.75,10.451612903225808,3.1935483870967745,6.096774193548388,7.2,Role Player
Ben Sheppard,IND,G,63,19.5,5.3,1.3,2.8,0.6,0.2,0.3,0.418,0.342,0.889,9.784615384615384,2.4,5.169230769230769,11.0,Role Player
Ben Simmons,LAC,G-F,51,22.0,5.0,5.6,4.7,0.7,0.5,2.0,0.52,0.0,0.727,8.181818181818182,9.163636363636362,7.690909090909091,23.6,Playmaker
Bennedict Mathurin,IND,G-F,72,29.9,16.1,1.9,5.3,0.7,0.3,1.9,0.458,0.34,0.831,19.384615384615387,2.2876254180602005,6.381270903010034,24.1,Scorer
Bilal Coulibaly,WAS,G,59,33.0,12.3,3.4,5.0,1.3,0.7,2.1,0.421,0.281,0.746,13.418181818181818,3.709090909090909,5.454545454545455,30.2,All-Around Player
Bismack Biyombo,SAS,C,28,18.8,5.1,1.1,5.6,0.6,0.8,1.0,0.588,0.0,0.4,9.76595744680851,2.1063829787234045,10.72340425531915,17.9,Rebounder / Interior Player
Blake Wesley,SAS,G,58,11.8,3.7,2.0,1.1,0.6,0.1,0.9,0.435,0.293,0.623,11.288135593220339,6.101694915254237,3.3559322033898304,8.1,Role Player
Bobby Portis,MIL,F,49,25.4,13.9,2.1,8.4,0.7,0.5,1.2,0.466,0.365,0.836,19.700787401574804,2.9763779527559056,11.905511811023622,28.8,Rebounder / Interior Player
Bogdan Bogdanović,LAC,G,54,25.0,10.8,2.7,2.9,0.8,0.2,1.4,0.427,0.363,0.879,15.552000000000001,3.8880000000000003,4.176,18.6,Role Player
Bol Bol,PHX,C-F,36,12.5,6.8,0.6,2.9,0.3,0.7,0.6,0.525,0.344,0.769,19.584000000000003,1.728,8.352,11.4,Rebounder / Interior Player
Bradley Beal,PHX,G,53,32.1,17.0,3.7,3.3,1.1,0.5,1.9,0.497,0.386,0.803,19.06542056074766,4.149532710280374,3.700934579439252,28.7,All-Around Player
Brandin Podziemski,GSW,G,64,26.8,11.7,3.4,5.1,1.1,0.2,1.2,0.445,0.372,0.758,15.71641791044776,4.567164179104478,6.850746268656716,25.9,Playmaker
Brandon Boston,NOP,G,42,23.6,10.7,2.2,3.2,1.3,0.2,1.2,0.436,0.35,0.788,16.322033898305083,3.3559322033898304,4.88135593220339,21.7,Role Player
Brandon Clarke,MEM,F,64,18.9,8.3,1.0,5.1,0.8,0.6,0.6,0.621,0.059,0.701,15.809523809523812,1.9047619047619049,9.714285714285714,19.5,Rebounder / Interior Player
Brandon Miller,CHA,F,27,34.2,21.0,3.6,4.9,1.1,0.7,2.8,0.403,0.355,0.861,22.105263157894733,3.789473684210526,5.157894736842105,34.6,All-Around Player
Brandon Williams,DAL,G,33,14.8,8.3,2.3,1.8,0.7,0.2,1.2,0.521,0.4,0.833,20.18918918918919,5.594594594594593,4.378378378378378,13.9,Role Player
Brice Sensabaugh,UTA,F,71,20.2,10.9,1.5,3.0,0.6,0.1,1.5,0.459,0.422,0.89,19.425742574257427,2.673267326732673,5.346534653465346,14.8,Role Player
Brook Lopez,MIL,C,80,31.8,13.0,1.8,5.0,0.6,1.9,1.1,0.509,0.373,0.826,14.716981132075471,2.0377358490566038,5.660377358490566,29.2,Rebounder / Interior Player
Bruce Brown,NOP,G-F,41,22.5,8.3,2.0,4.0,0.8,0.2,1.0,0.421,0.333,0.815,13.280000000000001,3.2,6.4,17.4,Role Player
Bub Carrington,WAS,G,82,30.0,9.8,4.4,4.2,0.7,0.3,1.7,0.401,0.339,0.812,11.760000000000002,5.28,5.040000000000001,22.8,Playmaker
Buddy Hield,GSW,G,82,22.7,11.1,1.6,3.2,0.8,0.3,1.1,0.417,0.37,0.828,17.603524229074893,2.537444933920705,5.07488986784141,17.8,Role Player
CJ McCollum,NOP,G,56,32.7,21.1,4.1,3.8,0.8,0.4,1.9,0.444,0.373,0.717,23.229357798165136,4.513761467889908,4.18348623853211,30.2,Scorer
Cade Cunningham,DET,G,70,35.0,26.1,9.1,6.1,1.0,0.8,4.4,0.469,0.356,0.846,26.845714285714287,9.36,6.274285714285714,49.3,All-Around Player
Caleb Houstan,ORL,G,58,13.6,4.1,0.6,1.3,0.4,0.1,0.2,0.421,0.4,0.882,10.852941176470587,1.5882352941176472,3.4411764705882355,4.7,Role Player
Caleb Martin,DAL,F,45,27.1,7.9,2.1,3.9,1.0,0.5,1.2,0.424,0.359,0.622,10.494464944649446,2.789667896678967,5.180811808118081,20.2,Role Player
Cam Reddish,LAL,UNK,33,17.9,3.2,0.7,2.0,1.0,0.3,0.4,0.404,0.277,0.615,6.435754189944135,1.4078212290502794,4.022346368715084,10.7,Role Player
Cam Spencer,MEM,G,25,10.1,4.2,1.4,1.2,0.4,0.0,0.2,0.415,0.365,1.0,14.970297029702971,4.990099009900989,4.2772277227722775,5.5,Role Player
Cam Thomas,BKN,G,25,31.2,24.0,3.8,3.3,0.6,0.1,2.5,0.438,0.349,0.881,27.692307692307693,4.384615384615384,3.8076923076923075,27.8,Scorer
Cam Whitmore,HOU,F,51,16.2,9.4,1.0,3.0,0.6,0.3,0.9,0.444,0.355,0.75,20.88888888888889,2.2222222222222223,6.666666666666667,14.0,Role Player
Cameron Johnson,BKN,F,57,31.6,18.8,3.4,4.3,0.9,0.4,1.7,0.475,0.39,0.893,21.41772151898734,3.873417721518987,4.898734177215189,28.9,Scorer
Cameron Payne,NYK,G,72,15.1,6.9,2.8,1.4,0.5,0.2,0.7,0.401,0.363,0.907,16.450331125827816,6.675496688741722,3.337748344370861,11.8,Role Player
Caris LeVert,ATL,G,64,24.9,12.1,3.4,3.2,0.9,0.5,1.2,0.467,0.373,0.71,17.49397590361446,4.9156626506024095,4.626506024096386,23.4,Playmaker
Cason Wallace,OKC,G,68,27.6,8.4,2.5,3.4,1.8,0.5,0.9,0.474,0.356,0.811,10.956521739130435,3.260869565217391,4.434782608695652,26.2,Role Player
Charles Bassey,SAS,C-F,36,10.4,4.4,0.5,4.2,0.4,0.8,0.6,0.581,0.0,0.636,15.23076923076923,1.7307692307692306,14.538461538461538,12.9,Rebounder / Interior Player
Chet Holmgren,OKC,C-F,32,27.4,15.0,2.0,8.0,0.7,2.2,1.8,0.49,0.379,0.754,19.708029197080293,2.6277372262773726,10.51094890510949,37.7,All-Around Player
Chris Boucher,TOR,F,50,17.2,10.0,0.7,4.5,0.5,0.5,0.6,0.492,0.363,0.782,20.930232558139537,1.4651162790697674,9.418604651162791,16.4,Role Player
Chris Paul,SAS,G,82,28.0,8.8,7.4,3.6,1.3,0.3,1.6,0.427,0.377,0.924,11.314285714285717,9.514285714285714,4.628571428571429,30.8,Playmaker
Christian Braun,DEN,G,79,33.9,15.4,2.6,5.2,1.1,0.5,1.0,0.58,0.397,0.827,16.353982300884958,2.7610619469026547,5.522123893805309,28.7,All-Around Player
Clint Capela,ATL,C,55,21.4,8.9,1.1,8.5,0.6,1.0,0.9,0.559,0.0,0.536,14.971962616822431,1.8504672897196264,14.29906542056075,25.9,Rebounder / Interior Player
Coby White,CHI,G,74,33.1,20.4,4.5,3.7,0.9,0.2,2.4,0.453,0.37,0.902,22.187311178247732,4.894259818731118,4.02416918429003,30.0,Scorer
Cody Martin,PHX,F,53,22.1,6.8,2.0,4.2,1.1,0.6,1.0,0.418,0.285,0.705,11.076923076923075,3.257918552036199,6.841628959276018,21.0,Rebounder / Interior Player
Cody Williams,UTA,F,50,21.2,4.6,1.2,2.3,0.5,0.3,0.9,0.323,0.259,0.725,7.811320754716981,2.0377358490566038,3.9056603773584904,9.4,Role Player
Colby Jones,WAS,G,39,13.2,4.0,1.1,2.2,0.7,0.3,0.6,0.457,0.327,0.657,10.90909090909091,3.0000000000000004,6.000000000000001,10.1,Role Player
Cole Anthony,MEM,G,67,18.4,9.4,2.9,3.0,0.7,0.5,1.5,0.424,0.353,0.823,18.39130434782609,5.673913043478261,5.869565217391305,19.1,Role Player
Colin Castleton,TOR,C,26,16.6,4.7,1.1,4.7,0.3,0.4,0.9,0.469,0.125,0.763,10.192771084337348,2.385542168674699,10.192771084337348,12.1,Role Player
Collin Gillespie,PHX,G,33,14.0,5.9,2.4,2.4,0.6,0.2,0.5,0.43,0.433,0.864,15.17142857142857,6.171428571428572,6.171428571428572,12.7,Role Player
Collin Sexton,UTA,G,63,27.9,18.4,4.2,2.7,0.7,0.1,2.5,0.48,0.406,0.865,23.741935483870968,5.419354838709678,3.483870967741936,24.6,Scorer
Corey Kispert,WAS,F,61,26.3,11.6,1.7,3.0,0.4,0.2,1.0,0.451,0.364,0.852,15.878326996197718,2.326996197718631,4.106463878326997,14.7,Role Player
Cory Joseph,ORL,G,50,12.2,3.5,1.4,1.5,0.5,0.1,0.4,0.403,0.364,0.778,10.327868852459018,4.131147540983607,4.426229508196721,6.8,Role Player
Craig Porter Jr.,CLE,G,51,10.1,3.7,1.4,1.3,0.3,0.3,0.7,0.514,0.438,0.719,13.18811881188119,4.990099009900989,4.633663366336634,6.2,Role Player
D'Angelo Russell,BKN,G,58,25.5,12.6,5.1,2.8,1.0,0.4,1.9,0.39,0.314,0.834,17.788235294117644,7.199999999999999,3.9529411764705884,26.4,Playmaker
DaQuan Jeffries,CHA,G-F,47,22.8,6.7,1.1,2.9,0.6,0.5,0.7,0.405,0.335,0.8,10.578947368421053,1.736842105263158,4.578947368421052,13.3,Role Player
Dalano Banton,POR,F,67,16.7,8.3,2.4,2.0,0.6,0.5,1.3,0.391,0.324,0.728,17.89221556886228,5.173652694610778,4.311377245508982,15.2,Role Player
Dalen Terry,CHI,F,73,13.5,4.5,1.3,1.7,0.6,0.2,0.7,0.448,0.356,0.71,12.0,3.466666666666667,4.533333333333333,8.8,Role Player
Dalton Knecht,LAL,F,78,19.2,9.1,0.8,2.8,0.3,0.1,0.5,0.461,0.376,0.762,17.0625,1.5000000000000002,5.25,9.9,Role Player
Damian Lillard,MIL,G,58,36.1,24.9,7.1,4.7,1.2,0.2,2.8,0.448,0.376,0.921,24.831024930747922,7.080332409972298,4.686980609418283,41.1,All-Around Player
Daniel Gafford,DAL,F-C,57,21.5,12.3,1.4,6.8,0.4,1.8,1.2,0.702,0.0,0.689,20.595348837209304,2.344186046511628,11.386046511627907,28.8,Rebounder / Interior Player
Daniel Theis,NOP,UNK,38,16.3,4.3,1.6,4.3,0.5,0.5,0.7,0.473,0.243,0.838,9.496932515337422,3.5337423312883436,9.496932515337422,14.0,Role Player
Dante Exum,DAL,G,20,18.6,8.7,2.8,1.7,0.6,0.2,1.1,0.478,0.434,0.742,16.838709677419352,5.419354838709676,3.290322580645161,14.2,Role Player
Dariq Whitehead,BKN,G-F,20,12.3,5.7,0.6,1.5,0.3,0.1,0.8,0.406,0.446,0.6,16.68292682926829,1.7560975609756095,4.390243902439025,5.4,Role Player
Darius Garland,CLE,G,75,30.7,20.6,6.7,2.9,1.2,0.1,2.5,0.472,0.401,0.878,24.15635179153095,7.856677524429968,3.400651465798046,34.4,All-Around Player
David Roddy,HOU,F,33,12.4,4.6,1.1,2.5,0.4,0.3,0.7,0.456,0.311,0.769,13.354838709677418,3.1935483870967745,7.258064516129032,8.8,Role Player
Davion Mitchell,MIA,G,74,27.4,7.9,4.9,2.3,1.0,0.2,1.7,0.468,0.398,0.69,10.379562043795621,6.437956204379563,3.0218978102189777,21.1,Playmaker
Day'Ron Sharpe,BKN,C,50,18.1,7.9,1.8,6.6,0.8,0.8,1.3,0.521,0.244,0.757,15.712707182320441,3.580110497237569,13.127071823204417,24.0,Rebounder / Interior Player
De'Aaron Fox,SAS,G,62,36.1,23.5,6.3,4.8,1.5,0.4,2.8,0.463,0.31,0.827,23.434903047091414,6.282548476454293,4.786703601108033,42.2,All-Around Player
De'Andre Hunter,CLE,F-G,64,27.2,17.0,1.4,4.0,0.8,0.2,1.3,0.47,0.405,0.846,22.5,1.852941176470588,5.294117647058823,22.0,Scorer
DeAndre Jordan,DEN,C,56,12.3,3.7,0.9,5.1,0.3,0.5,0.7,0.65,0.0,0.422,10.829268292682926,2.6341463414634143,14.92682926829268,12.2,Role Player
DeMar DeRozan,SAC,G-F,77,35.9,22.2,4.4,3.9,0.8,0.4,1.4,0.477,0.328,0.857,22.26183844011142,4.412256267409471,3.9108635097493036,31.6,Scorer
Dean Wade,CLE,F-C,59,21.2,5.4,1.3,4.2,0.7,0.3,0.4,0.413,0.36,0.533,9.169811320754716,2.207547169811321,7.132075471698114,14.4,Role Player
Deandre Ayton,POR,C,40,30.1,14.4,1.6,10.2,0.8,1.0,1.7,0.566,0.188,0.667,17.222591362126245,1.9136212624584719,12.199335548172755,34.4,All-Around Player
Dejounte Murray,NOP,G,31,32.6,17.5,7.4,6.5,2.0,0.4,3.4,0.393,0.299,0.823,19.32515337423313,8.171779141104293,7.177914110429447,46.4,All-Around Player
Delon Wright,NYK,G,40,15.9,3.1,1.9,1.7,0.9,0.3,0.6,0.344,0.274,0.6,7.018867924528302,4.30188679245283,3.8490566037735845,11.6,Role Player
Deni Avdija,POR,F,72,30.0,16.9,3.9,7.3,1.0,0.5,2.7,0.476,0.365,0.78,20.279999999999998,4.68,8.76,34.4,All-Around Player
Dennis Schröder,DET,G,75,28.1,13.1,5.4,2.6,0.9,0.2,1.9,0.406,0.342,0.838,16.78291814946619,6.918149466192171,3.3309608540925266,25.1,Playmaker
Dereck Lively II,DAL,C,36,23.1,8.7,2.4,7.5,0.6,1.6,1.1,0.702,0.0,0.63,13.558441558441556,3.74025974025974,11.688311688311689,29.7,Rebounder / Interior Player
Derrick Jones Jr.,LAC,F,77,24.3,10.1,0.8,3.4,1.0,0.4,0.9,0.526,0.356,0.703,14.962962962962962,1.1851851851851853,5.037037037037037,18.0,Role Player
Derrick White,BOS,G,76,33.9,16.4,4.8,4.5,0.9,1.1,1.7,0.442,0.384,0.839,17.41592920353982,5.097345132743363,4.778761061946903,33.9,All-Around Player
Desmond Bane,ORL,G,69,32.0,19.2,5.3,6.1,1.2,0.4,2.4,0.484,0.392,0.894,21.599999999999998,5.9624999999999995,6.8625,37.5,All-Around Player
Devin Booker,PHX,G,75,37.3,25.6,7.1,4.1,0.9,0.2,2.9,0.461,0.332,0.894,24.70777479892762,6.8525469168900806,3.9571045576407506,38.5,Scorer
Devin Carter,SAC,G,36,11.0,3.8,1.1,2.1,0.6,0.1,0.5,0.37,0.295,0.591,12.436363636363637,3.6,6.872727272727273,8.1,Role Player
Devin Vassell,SAS,G-F,64,31.0,16.3,2.9,4.0,1.3,0.5,1.4,0.443,0.368,0.792,18.929032258064517,3.367741935483871,4.64516129032258,29.4,Two-Way Player
Dillon Brooks,HOU,G-F,75,31.8,14.0,1.7,3.7,0.8,0.2,1.0,0.429,0.397,0.818,15.849056603773585,1.9245283018867922,4.188679245283019,20.1,Role Player
Dillon Jones,OKC,F,54,10.2,2.5,1.1,2.2,0.3,0.1,0.5,0.383,0.254,0.607,8.823529411764707,3.8823529411764715,7.764705882352943,5.2,Role Player
Domantas Sabonis,SAC,F-C,70,34.7,19.1,6.0,13.9,0.7,0.4,2.9,0.59,0.417,0.754,19.81556195965418,6.224783861671469,14.420749279538905,47.0,All-Around Player
Dominick Barlow,ATL,F,35,10.7,4.2,0.5,2.4,0.3,0.5,0.1,0.531,0.259,0.636,14.13084112149533,1.6822429906542058,8.074766355140186,7.7,Role Player
Donovan Clingan,POR,C,67,19.8,6.5,1.1,7.9,0.5,1.6,1.1,0.539,0.286,0.596,11.818181818181818,2.0,14.363636363636363,25.9,Rebounder / Interior Player
Donovan Mitchell,CLE,G,71,31.4,24.0,5.0,4.5,1.3,0.2,2.1,0.443,0.368,0.823,27.515923566878982,5.7324840764331215,5.159235668789809,37.2,All-Around Player
Donte DiVincenzo,MIN,G,62,25.9,11.7,3.6,3.7,1.2,0.3,1.6,0.422,0.397,0.778,16.26254826254826,5.003861003861004,5.142857142857143,25.4,Playmaker
Dorian Finney-Smith,LAL,F,63,28.9,8.7,1.4,3.9,0.9,0.4,0.9,0.448,0.411,0.667,10.837370242214533,1.7439446366782008,4.858131487889274,18.3,Role Player
Draymond Green,GSW,F,68,29.2,9.0,5.6,6.1,1.5,1.0,2.6,0.424,0.325,0.687,11.095890410958905,6.904109589041095,7.52054794520548,36.7,All-Around Player
Drew Eubanks,LAC,F-C,61,12.2,4.6,0.9,3.7,0.2,0.6,0.7,0.593,0.5,0.662,13.573770491803277,2.655737704918033,10.918032786885249,10.5,Rebounder / Interior Player
Duncan Robinson,MIA,F,74,24.1,11.0,2.4,2.3,0.5,0.1,1.2,0.437,0.393,0.887,16.431535269709542,3.5850622406639,3.435684647302904,14.6,Role Player
Duop Reath,POR,C,46,10.2,4.2,0.6,2.0,0.3,0.3,0.3,0.422,0.321,0.909,14.823529411764707,2.1176470588235294,7.058823529411765,6.2,Role Player
Dwight Powell,DAL,F-C,55,10.0,2.1,1.0,2.1,0.3,0.4,0.3,0.689,0.4,0.651,7.5600000000000005,3.6,7.5600000000000005,6.2,Role Player
Dyson Daniels,ATL,G,76,33.8,14.1,4.4,5.9,3.0,0.7,2.0,0.493,0.34,0.593,15.017751479289942,4.6863905325443795,6.284023668639055,46.7,All-Around Player
Elfrid Payton,NOP,G,24,21.3,3.5,6.9,3.3,1.0,0.5,2.5,0.328,0.167,0.571,5.915492957746478,11.661971830985916,5.577464788732394,24.9,Playmaker
Eric Gordon,PHI,G,39,19.7,6.8,1.7,1.2,0.7,0.3,0.7,0.426,0.409,0.75,12.426395939086294,3.1065989847715736,2.1928934010152283,11.5,Role Player
Evan Mobley,CLE,C,71,30.5,18.5,3.2,9.3,0.9,1.6,2.0,0.557,0.37,0.725,21.83606557377049,3.777049180327869,10.977049180327871,42.3,All-Around Player
Franz Wagner,ORL,F,60,33.7,24.2,4.7,5.7,1.3,0.4,2.3,0.463,0.295,0.871,25.851632047477743,5.0207715133531154,6.089020771513352,39.7,All-Around Player
Fred VanVleet,HOU,G,60,35.2,14.1,5.6,3.7,1.6,0.4,1.5,0.378,0.345,0.81,14.420454545454543,5.727272727272727,3.7840909090909087,33.9,Playmaker
GG Jackson,MEM,F,29,15.8,7.2,1.0,3.2,0.4,0.2,1.1,0.372,0.337,0.725,16.40506329113924,2.2784810126582276,7.291139240506329,10.9,Role Player
Gabe Vincent,LAL,G,72,21.2,6.4,1.4,1.3,0.7,0.2,0.6,0.4,0.353,0.714,10.867924528301888,2.3773584905660377,2.207547169811321,10.3,Role Player
Garrison Mathews,ATL,G,47,17.6,7.5,1.3,1.9,0.6,0.3,0.7,0.397,0.39,0.821,15.34090909090909,2.6590909090909087,3.886363636363636,11.6,Role Player
Gary Harris,ORL,G,48,14.8,3.0,0.6,1.3,0.5,0.3,0.4,0.383,0.356,0.583,7.2972972972972965,1.4594594594594592,3.1621621621621623,5.8,Role Player
Gary Payton II,GSW,G,62,15.0,6.5,1.3,3.0,0.8,0.3,0.6,0.574,0.326,0.711,15.600000000000001,3.12,7.2,14.0,Role Player
Gary Trent Jr.,MIL,G,74,25.6,11.1,1.2,2.3,1.0,0.1,0.6,0.431,0.416,0.848,15.609374999999998,1.6874999999999998,3.2343749999999996,16.1,Role Player
Georges Niang,ATL,F,79,21.5,9.9,1.4,3.4,0.4,0.2,1.0,0.461,0.406,0.793,16.57674418604651,2.344186046511628,5.693023255813953,13.6,Role Player
Giannis Antetokounmpo,MIL,F,67,34.2,30.4,6.5,11.9,0.9,1.2,3.1,0.601,0.222,0.617,31.999999999999993,6.842105263157895,12.526315789473685,57.7,All-Around Player
Goga Bitadze,ORL,C-F,70,20.4,7.2,2.0,6.6,0.7,1.4,1.0,0.611,0.107,0.639,12.705882352941178,3.5294117647058827,11.647058823529413,26.3,Rebounder / Interior Player
Gradey Dick,TOR,G-F,54,29.4,14.4,1.8,3.6,0.9,0.2,1.5,0.41,0.35,0.858,17.63265306122449,2.2040816326530615,4.408163265306123,21.1,Scorer
Grayson Allen,PHX,G,64,24.1,10.6,2.1,3.0,0.8,0.3,1.2,0.448,0.426,0.816,15.834024896265557,3.136929460580913,4.481327800829875,18.1,Role Player
Guerschon Yabusele,PHI,F,70,27.1,11.0,2.1,5.6,0.8,0.3,1.2,0.501,0.38,0.725,14.612546125461254,2.789667896678967,7.43911439114391,22.3,Rebounder / Interior Player
Gui Santos,GSW,F,56,13.6,4.1,1.4,3.1,0.4,0.2,0.8,0.458,0.33,0.69,10.852941176470587,3.705882352941176,8.205882352941178,9.4,Role Player
Harrison Barnes,SAS,F,82,27.2,12.3,1.7,3.8,0.5,0.2,0.6,0.508,0.433,0.809,16.279411764705884,2.25,5.029411764705882,17.0,Role Player
Haywood Highsmith,MIA,F,74,24.6,6.5,1.5,3.4,0.9,0.5,0.7,0.458,0.382,0.721,9.512195121951219,2.1951219512195124,4.97560975609756,16.8,Role Player
Herbert Jones,NOP,F,20,32.4,10.3,3.3,3.9,1.9,0.5,1.8,0.436,0.306,0.825,11.444444444444445,3.6666666666666665,4.333333333333334,30.3,Role Player
Immanuel Quickley,TOR,G,33,27.8,17.1,5.8,3.5,0.7,0.1,1.8,0.42,0.378,0.867,22.143884892086334,7.510791366906474,4.532374100719425,27.9,Scorer
Isaac Okoro,CLE,F-G,55,19.1,6.1,1.2,2.4,0.6,0.3,0.4,0.464,0.371,0.717,11.497382198952877,2.2617801047120416,4.523560209424083,11.3,Role Player
Isaiah Collier,UTA,G,71,25.9,8.7,6.3,3.3,0.9,0.2,2.9,0.422,0.249,0.682,12.092664092664092,8.756756756756758,4.586872586872587,25.0,Playmaker
Isaiah Hartenstein,OKC,C-F,57,27.9,11.2,3.8,10.7,0.8,1.1,1.7,0.581,0.0,0.675,14.451612903225808,4.903225806451613,13.806451612903226,37.5,All-Around Player
Isaiah Joe,OKC,G,74,21.7,10.2,1.6,2.6,0.6,0.1,0.5,0.44,0.412,0.821,16.921658986175114,2.654377880184332,4.313364055299539,13.9,Role Player
Isaiah Stewart,DET,F-C,72,19.9,6.0,1.7,5.5,0.4,1.4,0.9,0.559,0.321,0.759,10.85427135678392,3.075376884422111,9.949748743718594,21.2,Rebounder / Interior Player
Isaiah Wong,CHA,UNK,20,13.3,6.0,1.4,1.6,0.6,0.0,0.9,0.39,0.394,0.735,16.240601503759397,3.789473684210526,4.330827067669173,8.7,Role Player
Ivica Zubac,LAC,C,80,32.8,16.8,2.7,12.6,0.7,1.1,1.6,0.628,0.0,0.661,18.4390243902439,2.963414634146342,13.829268292682928,41.3,All-Around Player
JT Thor,WAS,F,20,12.5,3.6,0.3,2.4,0.4,0.5,0.5,0.424,0.286,0.682,10.368000000000002,0.864,6.912,7.7,Role Player
Ja Morant,MEM,G,50,30.4,23.2,7.3,4.1,1.2,0.2,3.7,0.454,0.309,0.824,27.47368421052632,8.644736842105264,4.855263157894737,39.5,All-Around Player
Ja'Kobe Walter,TOR,G,52,21.2,8.6,1.6,3.1,0.8,0.2,1.0,0.405,0.349,0.795,14.60377358490566,2.716981132075472,5.264150943396226,15.6,Role Player
Jabari Smith Jr.,HOU,F,57,30.1,12.2,1.1,7.0,0.4,0.7,1.1,0.438,0.354,0.825,14.591362126245844,1.3156146179401995,8.372093023255815,22.7,Rebounder / Interior Player
Jabari Walker,POR,F,60,12.5,5.2,0.6,3.5,0.6,0.1,0.6,0.515,0.389,0.69,14.976,1.728,10.080000000000002,10.2,Role Player
Jaden Hardy,DAL,G,57,15.9,8.7,1.4,1.6,0.5,0.1,1.4,0.435,0.386,0.698,19.69811320754717,3.1698113207547167,3.6226415094339623,10.3,Role Player
Jaden Ivey,DET,G,30,29.9,17.6,4.0,4.1,0.9,0.4,3.0,0.46,0.409,0.733,21.190635451505017,4.816053511705685,4.936454849498327,28.9,Scorer
Jaden McDaniels,MIN,F,82,31.9,12.2,2.0,5.7,1.3,0.9,1.2,0.477,0.33,0.813,13.768025078369906,2.2570532915360504,6.432601880877743,29.8,All-Around Player
Jae'Sean Tate,HOU,F,52,11.3,3.6,0.9,2.3,0.5,0.1,0.4,0.473,0.348,0.681,11.469026548672566,2.8672566371681416,7.327433628318584,7.2,Role Player
Jaime Jaquez Jr.,MIA,G,66,20.7,8.6,2.5,4.4,0.9,0.2,1.5,0.461,0.311,0.754,14.956521739130435,4.347826086956522,7.652173913043479,19.8,Role Player
Jake LaRavia,SAC,F,66,20.4,6.9,2.4,3.9,0.9,0.3,1.3,0.475,0.423,0.678,12.176470588235295,4.235294117647059,6.882352941176471,18.3,Role Player
Jakob Poeltl,TOR,C,57,29.6,14.5,2.8,9.6,1.2,1.2,1.9,0.627,0.333,0.674,17.635135135135133,3.4054054054054053,11.675675675675674,39.5,All-Around Player
Jalen Brunson,NYK,G,65,35.4,26.0,7.3,2.9,0.9,0.1,2.5,0.488,0.383,0.821,26.440677966101696,7.423728813559323,2.949152542372881,36.8,Scorer
Jalen Duren,DET,C,78,26.1,11.8,2.7,10.3,0.7,1.1,1.7,0.692,0.0,0.669,16.275862068965516,3.7241379310344827,14.206896551724139,34.6,Rebounder / Interior Player
Jalen Green,HOU,G,82,32.9,21.0,3.4,4.6,0.9,0.3,2.5,0.423,0.354,0.813,22.97872340425532,3.7203647416413372,5.033434650455927,30.3,Scorer
Jalen Johnson,ATL,F,36,35.7,18.9,5.0,10.0,1.6,1.0,2.9,0.5,0.312,0.746,19.05882352941176,5.042016806722689,10.084033613445378,48.7,All-Around Player
Jalen Pickett,DEN,G,49,13.6,4.1,2.2,1.4,0.4,0.1,0.5,0.428,0.396,0.75,10.852941176470587,5.8235294117647065,3.705882352941176,7.7,Role Player
Jalen Smith,CHI,F-C,64,15.0,8.2,1.0,5.6,0.3,0.7,0.6,0.466,0.324,0.809,19.68,2.4,13.439999999999998,17.1,Rebounder / Interior Player
Jalen Suggs,ORL,G,35,28.6,16.2,3.7,4.0,1.5,0.9,2.9,0.41,0.314,0.882,20.39160839160839,4.6573426573426575,5.034965034965034,34.2,All-Around Player
Jalen Williams,OKC,G-F,69,32.4,21.6,5.1,5.3,1.6,0.7,2.2,0.484,0.365,0.789,24.000000000000004,5.666666666666667,5.888888888888889,41.9,All-Around Player
Jalen Wilson,BKN,F,79,25.7,9.5,1.8,3.4,0.5,0.1,1.0,0.397,0.337,0.818,13.30739299610895,2.5214007782101167,4.762645914396887,14.3,Role Player
Jamal Cain,NOP,F,37,13.6,5.3,0.6,2.3,0.6,0.2,0.6,0.43,0.325,0.68,14.029411764705882,1.5882352941176472,6.088235294117647,9.0,Role Player
Jamal Murray,DEN,G,67,36.1,21.4,6.0,3.9,1.4,0.5,2.1,0.474,0.393,0.886,21.340720221606645,5.983379501385041,3.8891966759002767,38.7,All-Around Player
Jamal Shead,TOR,G,75,19.6,7.1,4.2,1.5,0.8,0.1,1.6,0.405,0.323,0.768,13.04081632653061,7.7142857142857135,2.7551020408163263,16.2,Playmaker
James Harden,LAC,G,79,35.3,22.8,8.7,5.8,1.5,0.7,4.3,0.41,0.352,0.874,23.252124645892355,8.872521246458923,5.9150141643059495,49.1,All-Around Player
Jamison Battle,TOR,F,59,17.7,7.1,0.9,2.7,0.3,0.2,0.5,0.429,0.405,0.889,14.440677966101696,1.8305084745762712,5.491525423728814,9.2,Role Player
Jarace Walker,IND,F,75,15.8,6.1,1.5,3.1,0.7,0.3,1.0,0.472,0.405,0.667,13.898734177215188,3.4177215189873413,7.063291139240506,13.6,Role Player
Jared Butler,PHI,G,60,17.4,9.0,3.7,1.8,0.7,0.2,1.3,0.448,0.355,0.824,18.620689655172416,7.655172413793104,3.724137931034483,16.8,Playmaker
Jared McCain,PHI,G,23,25.7,15.3,2.6,2.4,0.7,0.0,1.6,0.46,0.383,0.875,21.43190661478599,3.642023346303502,3.3618677042801557,18.8,Scorer
Jaren Jackson Jr.,MEM,F-C,74,29.8,22.2,2.0,5.6,1.2,1.5,2.1,0.488,0.375,0.781,26.81879194630872,2.4161073825503356,6.765100671140939,38.6,All-Around Player
Jarred Vanderbilt,LAL,F,36,16.1,4.1,1.1,5.1,1.0,0.3,0.8,0.488,0.281,0.556,9.167701863354036,2.459627329192547,11.403726708074531,16.8,Role Player
Jarrett Allen,CLE,C,82,28.0,13.5,1.9,9.7,0.9,0.9,1.2,0.706,0.0,0.718,17.357142857142858,2.4428571428571426,12.471428571428572,33.7,Rebounder / Interior Player
Javonte Green,CLE,G,68,18.5,5.1,0.8,3.2,1.0,0.5,0.5,0.429,0.326,0.724,9.924324324324322,1.5567567567567568,6.227027027027027,15.0,Role Player
Jaxson Hayes,LAL,C-F,56,19.5,6.8,1.0,4.8,0.6,0.9,0.8,0.722,0.0,0.622,12.553846153846154,1.846153846153846,8.86153846153846,18.2,Rebounder / Interior Player
Jay Huff,MEM,C,64,11.7,6.9,0.6,2.0,0.3,0.9,0.5,0.515,0.405,0.786,21.23076923076923,1.846153846153846,6.153846153846154,11.1,Rebounder / Interior Player
Jaylen Brown,BOS,G-F,63,34.3,22.2,4.5,5.8,1.2,0.3,2.6,0.463,0.324,0.764,23.30029154518951,4.723032069970846,6.087463556851312,37.0,All-Around Player
Jaylen Clark,MIN,G,40,13.0,4.1,0.7,1.3,0.9,0.1,0.2,0.467,0.431,0.784,11.353846153846153,1.9384615384615382,3.6,8.5,Role Player
Jaylen Wells,MEM,F,79,25.9,10.4,1.7,3.4,0.6,0.1,0.9,0.425,0.352,0.822,14.455598455598457,2.362934362934363,4.725868725868726,15.4,Role Player
Jaylin Williams,OKC,F,47,16.7,5.9,2.6,5.6,0.5,0.6,0.7,0.439,0.399,0.767,12.718562874251496,5.604790419161677,12.071856287425149,19.4,Rebounder / Interior Player
Jayson Tatum,BOS,F-G,72,36.4,26.8,6.0,8.7,1.1,0.5,2.9,0.452,0.343,0.814,26.505494505494507,5.934065934065934,8.604395604395604,47.4,All-Around Player
Jeff Dowtin Jr.,PHI,G,41,15.1,7.0,1.9,1.5,0.6,0.3,0.4,0.487,0.4,0.733,16.688741721854306,4.529801324503311,3.5761589403973515,11.7,Role Player
Jeff Green,HOU,F,32,12.4,5.4,0.6,1.8,0.2,0.1,0.3,0.504,0.367,0.808,15.67741935483871,1.7419354838709677,5.225806451612904,4.9,Role Player
Jerami Grant,POR,F,47,32.4,14.4,2.1,3.5,0.9,1.0,1.4,0.373,0.365,0.849,16.0,2.333333333333334,3.8888888888888893,25.7,Two-Way Player
Jeremiah Robinson-Earl,NOP,F,66,18.8,6.3,1.3,4.8,0.6,0.1,0.8,0.455,0.341,0.836,12.063829787234042,2.4893617021276597,9.191489361702127,14.2,Role Player
Jeremy Sochan,SAS,F,54,25.3,11.4,2.4,6.5,0.8,0.5,1.6,0.535,0.308,0.696,16.221343873517785,3.4150197628458496,9.24901185770751,25.5,Rebounder / Interior Player
Jericho Sims,MIL,C,53,11.9,1.8,0.6,3.7,0.2,0.4,0.6,0.634,0.0,0.615,5.4453781512605035,1.8151260504201678,11.193277310924369,7.1,Role Player
Jett Howard,ORL,G,60,11.7,4.5,0.7,1.2,0.2,0.2,0.6,0.374,0.296,0.696,13.846153846153847,2.1538461538461537,3.692307692307692,4.1,Role Player
Jimmy Butler III,GSW,F,55,31.7,17.5,5.4,5.4,1.4,0.3,1.3,0.504,0.308,0.842,19.873817034700316,6.13249211356467,6.13249211356467,36.4,All-Around Player
Jock Landale,HOU,C,42,11.9,4.8,0.9,3.3,0.3,0.2,0.5,0.533,0.423,0.675,14.521008403361343,2.7226890756302518,9.983193277310923,8.6,Role Player
John Collins,UTA,F-C,40,30.5,19.0,2.0,8.2,1.0,1.0,2.6,0.527,0.399,0.848,22.426229508196723,2.360655737704918,9.678688524590164,36.4,All-Around Player
John Konchar,MEM,G,46,12.1,2.4,0.9,3.3,0.7,0.3,0.3,0.451,0.371,0.875,7.140495867768595,2.677685950413223,9.818181818181817,10.4,Role Player
Johnny Juzang,UTA,G,64,19.8,8.9,1.1,2.9,0.6,0.1,0.6,0.429,0.376,0.849,16.181818181818183,2.0,5.2727272727272725,12.6,Role Player
Jonas Valančiūnas,SAC,C,81,18.8,10.4,2.0,7.7,0.5,0.6,1.5,0.55,0.216,0.879,19.914893617021278,3.8297872340425534,14.74468085106383,24.4,Rebounder / Interior Player
Jonathan Isaac,ORL,F,71,15.4,5.4,0.6,4.4,0.9,1.1,0.5,0.414,0.258,0.682,12.623376623376624,1.4025974025974026,10.285714285714286,19.1,Rebounder / Interior Player
Jonathan Kuminga,GSW,F,47,24.3,15.3,2.2,4.6,0.8,0.4,1.5,0.454,0.305,0.668,22.666666666666668,3.2592592592592595,6.814814814814814,24.3,Scorer
Jonathan Mogbo,TOR,F,63,20.4,6.2,2.3,4.9,0.9,0.5,1.1,0.438,0.243,0.732,10.941176470588236,4.0588235294117645,8.647058823529413,20.3,Role Player
Jordan Clarkson,UTA,G,37,26.0,16.2,3.7,3.2,0.8,0.2,2.3,0.408,0.362,0.797,22.43076923076923,5.123076923076923,4.430769230769231,24.3,Scorer
Jordan Goodwin,LAL,G,29,18.7,5.6,1.4,3.9,1.0,0.4,0.9,0.438,0.382,0.818,10.780748663101603,2.6951871657754007,7.508021390374331,17.0,Role Player
Jordan Hawkins,NOP,G,56,23.6,10.8,1.2,2.8,0.5,0.4,1.0,0.372,0.331,0.816,16.47457627118644,1.830508474576271,4.271186440677965,14.7,Role Player
Jordan Miller,LAC,G,37,11.4,4.1,0.9,1.6,0.5,0.1,0.7,0.433,0.211,0.8,12.94736842105263,2.8421052631578947,5.052631578947368,6.4,Role Player
Jordan Poole,WAS,G,68,29.4,20.5,4.5,3.0,1.3,0.4,3.0,0.432,0.378,0.883,25.10204081632653,5.510204081632653,3.673469387755102,32.9,All-Around Player
Jose Alvarado,NOP,G,56,24.4,10.3,4.6,2.4,1.3,0.3,1.5,0.392,0.359,0.811,15.196721311475413,6.786885245901638,3.540983606557377,25.0,Playmaker
Josh Giddey,CHI,G,70,30.2,14.6,7.2,8.1,1.2,0.6,2.9,0.465,0.378,0.781,17.403973509933778,8.582781456953644,9.655629139072847,41.9,All-Around Player
Josh Green,CHA,G,68,27.8,7.4,1.6,2.5,1.1,0.2,1.0,0.428,0.391,0.681,9.582733812949641,2.0719424460431655,3.237410071942446,16.0,Role Player
Josh Hart,NYK,G,77,37.6,13.6,5.9,9.6,1.5,0.4,2.1,0.525,0.333,0.776,13.02127659574468,5.648936170212766,9.191489361702127,42.4,All-Around Player
Josh Okogie,CHA,G,40,15.6,7.1,0.8,2.8,1.2,0.5,0.8,0.443,0.348,0.741,16.384615384615383,1.8461538461538463,6.461538461538462,17.1,Role Player
Jrue Holiday,BOS,G,62,30.6,11.1,3.9,4.3,1.1,0.4,1.2,0.443,0.353,0.909,13.058823529411764,4.588235294117647,5.0588235294117645,26.3,Playmaker
Julian Champagnie,SAS,F,82,23.6,9.9,1.4,3.9,0.7,0.4,0.9,0.415,0.371,0.904,15.101694915254237,2.1355932203389827,5.949152542372881,17.6,Role Player
Julian Phillips,CHI,F,79,14.2,4.6,0.5,2.1,0.5,0.3,0.3,0.446,0.327,0.789,11.661971830985916,1.267605633802817,5.323943661971832,7.9,Role Player
Julian Strawther,DEN,G,65,21.3,9.0,1.3,2.2,0.6,0.2,0.9,0.432,0.349,0.822,15.211267605633802,2.1971830985915495,3.71830985915493,12.5,Role Player
Julius Randle,MIN,F-C,69,32.3,18.7,4.7,7.1,0.7,0.2,2.8,0.485,0.344,0.806,20.842105263157897,5.238390092879257,7.913312693498453,33.0,All-Around Player
Justin Champagnie,WAS,G-F,62,21.6,8.8,1.0,5.7,1.0,0.6,0.9,0.511,0.383,0.685,14.666666666666668,1.6666666666666665,9.5,22.1,All-Around Player
Justin Edwards,PHI,F,44,26.2,10.1,1.6,3.4,1.0,0.4,1.1,0.455,0.363,0.696,13.877862595419847,2.198473282442748,4.67175572519084,19.5,Role Player
Jusuf Nurkić,CHA,C,51,20.8,8.9,2.3,7.8,0.8,0.7,1.9,0.477,0.305,0.664,15.403846153846153,3.98076923076923,13.5,26.8,Rebounder / Interior Player
KJ Martin,UTA,F,43,21.2,6.4,1.1,2.9,0.4,0.5,0.6,0.552,0.259,0.787,10.867924528301888,1.867924528301887,4.9245283018867925,11.7,Role Player
KJ Simpson,CHA,G,36,23.4,7.8,3.1,3.0,0.9,0.2,1.6,0.346,0.254,0.82,12.000000000000002,4.769230769230769,4.615384615384616,18.3,Role Player
Kai Jones,DAL,C-F,40,11.7,5.0,0.6,3.1,0.4,0.6,0.5,0.798,0.2,0.719,15.384615384615387,1.846153846153846,9.538461538461538,10.7,Rebounder / Interior Player
Karl-Anthony Towns,NYK,C-F,72,35.0,24.4,3.1,12.8,1.0,0.7,2.7,0.526,0.42,0.829,25.097142857142856,3.1885714285714286,13.165714285714285,47.3,All-Around Player
Karlo Matković,NOP,F-C,42,18.8,7.7,1.1,5.0,0.5,1.0,1.0,0.574,0.318,0.773,14.74468085106383,2.1063829787234045,9.574468085106382,19.1,Rebounder / Interior Player
Kawhi Leonard,LAC,F,37,31.9,21.5,3.1,5.9,1.6,0.5,1.9,0.498,0.411,0.81,24.263322884012542,3.498432601880878,6.6583072100313485,38.1,All-Around Player
Keaton Wallace,ATL,G,31,16.2,5.4,2.6,1.6,0.9,0.3,1.1,0.401,0.329,1.0,12.000000000000002,5.777777777777779,3.555555555555556,14.2,Role Player
Keegan Murray,SAC,F,76,34.3,12.4,1.4,6.7,0.8,0.9,0.8,0.444,0.343,0.833,13.014577259475221,1.469387755102041,7.032069970845481,26.8,Rebounder / Interior Player
Kel'el Ware,MIA,C,64,22.2,9.3,0.9,7.4,0.6,1.1,0.9,0.554,0.315,0.687,15.081081081081082,1.4594594594594597,12.000000000000002,24.6,Rebounder / Interior Player
Keldon Johnson,SAS,F-G,77,23.9,12.7,1.6,4.8,0.6,0.3,1.0,0.482,0.318,0.773,19.12970711297071,2.410041841004184,7.2301255230125525,19.9,Role Player
Kelly Olynyk,NOP,F-C,44,20.2,8.7,2.9,4.7,0.8,0.4,1.7,0.5,0.418,0.769,15.504950495049505,5.168316831683168,8.376237623762377,21.4,Role Player
Kelly Oubre Jr.,PHI,F-G,60,34.6,15.1,1.8,6.1,1.5,0.5,1.3,0.47,0.293,0.751,15.710982658959537,1.8728323699421967,6.3468208092485545,31.3,All-Around Player
Kenrich Williams,OKC,G-F,69,16.4,6.3,1.4,3.5,0.6,0.1,0.6,0.483,0.386,0.718,13.829268292682928,3.073170731707317,7.682926829268293,12.4,Role Player
Kentavious Caldwell-Pope,MEM,G,77,29.6,8.7,1.8,2.2,1.3,0.4,0.8,0.439,0.342,0.863,10.581081081081079,2.189189189189189,2.675675675675676,19.2,Role Player
Keon Ellis,SAC,G,80,24.4,8.3,1.5,2.7,1.5,0.8,0.9,0.489,0.433,0.849,12.245901639344265,2.2131147540983607,3.9836065573770494,22.7,Rebounder / Interior Player
Keon Johnson,BKN,G,79,24.4,10.6,2.2,3.8,1.0,0.4,1.5,0.389,0.314,0.77,15.639344262295083,3.245901639344263,5.606557377049181,21.5,Role Player
Kessler Edwards,DAL,F,40,15.2,4.2,1.1,2.9,0.5,0.5,0.4,0.496,0.407,0.923,9.947368421052632,2.605263157894737,6.86842105263158,10.9,Role Player
Kevin Durant,PHX,F,62,36.5,26.6,4.2,6.0,0.8,1.2,3.1,0.527,0.43,0.839,26.235616438356164,4.142465753424657,5.917808219178082,41.5,All-Around Player
Kevin Huerter,CHI,G-F,69,24.3,9.9,2.3,3.0,1.0,0.3,1.0,0.425,0.338,0.714,14.666666666666666,3.407407407407407,4.444444444444445,19.4,Role Player
Kevin Love,MIA,F-C,23,10.9,5.3,1.0,4.1,0.7,0.2,0.6,0.357,0.358,0.696,17.5045871559633,3.3027522935779814,13.541284403669724,13.2,Role Player
Kevin Porter Jr.,MIL,G-F,75,19.8,10.3,3.4,3.7,1.1,0.2,1.8,0.449,0.311,0.769,18.727272727272727,6.181818181818182,6.7272727272727275,22.9,Playmaker
Kevon Looney,GSW,F,76,15.0,4.5,1.6,6.1,0.6,0.5,0.5,0.514,0.4,0.566,10.799999999999999,3.8400000000000003,14.639999999999999,17.6,Rebounder / Interior Player
Keyonte George,UTA,G,67,31.5,16.8,5.6,3.8,0.7,0.1,2.7,0.391,0.343,0.818,19.2,6.3999999999999995,4.3428571428571425,27.8,Scorer
Khris Middleton,WAS,F,37,22.8,11.9,4.1,3.7,0.9,0.2,1.5,0.475,0.361,0.857,18.789473684210524,6.473684210526315,5.842105263157895,23.7,Playmaker
Klay Thompson,DAL,G,72,27.3,14.0,2.0,3.4,0.7,0.4,1.2,0.412,0.391,0.905,18.46153846153846,2.6373626373626373,4.483516483516483,20.6,Role Player
Kris Dunn,LAC,G,74,24.1,6.4,2.8,3.4,1.7,0.4,1.0,0.439,0.335,0.682,9.560165975103734,4.182572614107883,5.078838174273859,24.2,Role Player
Kris Murray,POR,F,69,15.1,4.2,1.0,2.6,0.5,0.2,0.6,0.419,0.225,0.456,10.013245033112584,2.384105960264901,6.198675496688742,8.7,Role Player
Kristaps Porziņģis,BOS,F-C,42,28.8,19.5,2.1,6.8,0.7,1.5,1.3,0.483,0.412,0.809,24.375,2.625,8.5,35.3,All-Around Player
Kyle Anderson,MIA,F-G,61,16.4,5.9,2.4,3.4,0.7,0.5,0.6,0.469,0.357,0.738,12.951219512195124,5.26829268292683,7.463414634146342,16.5,Role Player
Kyle Filipowski,UTA,C,72,21.1,9.6,1.9,6.1,0.7,0.3,1.4,0.502,0.35,0.65,16.379146919431278,3.24170616113744,10.407582938388625,21.1,Rebounder / Interior Player
Kyle Kuzma,MIL,F,65,29.8,14.8,2.3,5.7,0.6,0.3,2.2,0.436,0.307,0.634,17.879194630872483,2.7785234899328852,6.885906040268456,23.9,Scorer
Kyle Lowry,PHI,G,35,18.8,3.9,2.7,1.9,0.9,0.3,0.6,0.35,0.33,0.818,7.468085106382978,5.170212765957447,3.6382978723404253,13.9,Role Player
Kyrie Irving,DAL,G,50,36.1,24.7,4.6,4.8,1.3,0.5,2.2,0.473,0.401,0.916,24.631578947368418,4.587257617728531,4.786703601108033,39.0,All-Around Player
Kyshawn George,WAS,F,68,26.5,8.7,2.5,4.2,1.0,0.7,1.4,0.372,0.322,0.753,11.818867924528302,3.3962264150943398,5.705660377358491,22.9,Rebounder / Interior Player
LaMelo Ball,CHA,G,47,32.0,25.2,7.4,4.9,1.1,0.3,3.6,0.405,0.339,0.843,28.349999999999998,8.325000000000001,5.5125,42.0,All-Around Player
Landry Shamet,NYK,G,50,15.2,5.7,0.5,1.2,0.5,0.0,0.4,0.461,0.397,0.667,13.500000000000002,1.1842105263157894,2.8421052631578947,5.6,Role Player
Larry Nance Jr.,ATL,F-C,24,19.3,8.5,1.6,4.3,0.8,0.5,0.7,0.516,0.447,0.692,15.854922279792746,2.9844559585492227,8.020725388601036,18.9,Role Player
Lauri Markkanen,UTA,F-C,47,31.4,19.0,1.5,5.9,0.7,0.4,1.4,0.423,0.346,0.876,21.783439490445858,1.7197452229299364,6.7643312101910835,26.7,Scorer
LeBron James,LAL,F,70,34.9,24.4,8.2,7.8,1.0,0.6,3.7,0.513,0.376,0.782,25.16905444126074,8.458452722063038,8.045845272206304,48.2,All-Around Player
Lindy Waters III,DET,F,52,15.0,4.9,1.0,2.1,0.5,0.2,0.4,0.369,0.344,0.727,11.760000000000002,2.4,5.040000000000001,8.4,Role Player
Lonnie Walker IV,PHI,G-F,20,23.8,12.4,2.5,3.2,0.5,0.3,1.3,0.42,0.354,0.8,18.756302521008404,3.7815126050420167,4.840336134453781,18.1,Role Player
Lonzo Ball,CHI,G,35,22.2,7.6,3.3,3.4,1.3,0.5,1.2,0.366,0.344,0.815,12.324324324324325,5.351351351351352,5.513513513513513,23.5,Role Player
Luguentz Dort,OKC,G,71,29.2,10.1,1.6,4.1,1.1,0.5,0.7,0.435,0.412,0.717,12.452054794520548,1.9726027397260275,5.0547945205479445,21.8,Role Player
Luka Dončić,LAL,F-G,50,35.4,28.2,7.7,8.2,1.8,0.4,3.6,0.45,0.368,0.782,28.677966101694913,7.830508474576272,8.338983050847459,55.0,All-Around Player
Luke Kennard,MEM,G,65,22.6,8.9,3.3,2.8,0.8,0.1,1.1,0.478,0.433,0.895,14.176991150442477,5.256637168141592,4.460176991150442,17.8,Role Player
Luke Kornet,BOS,C-F,73,18.6,6.0,1.6,5.3,0.5,1.0,0.4,0.668,0.0,0.691,11.612903225806452,3.096774193548387,10.258064516129032,19.3,Rebounder / Interior Player
Malcolm Brogdon,WAS,G,24,23.5,12.7,4.1,3.8,0.5,0.2,1.6,0.433,0.286,0.88,19.45531914893617,6.280851063829786,5.82127659574468,21.6,Playmaker
Malik Beasley,DET,G,82,27.8,16.3,1.7,2.6,0.9,0.1,1.0,0.43,0.416,0.679,21.10791366906475,2.201438848920863,3.366906474820144,20.1,Scorer
Malik Monk,SAC,G,65,31.6,17.2,5.6,3.8,0.9,0.6,2.4,0.439,0.325,0.865,19.594936708860757,6.379746835443037,4.329113924050633,32.1,All-Around Player
Marcus Sasser,DET,G,57,14.2,6.6,2.3,1.2,0.6,0.1,0.9,0.463,0.382,0.843,16.732394366197184,5.830985915492958,3.0422535211267605,10.6,Role Player
Marcus Smart,WAS,G,34,20.0,9.0,3.2,2.1,1.1,0.3,1.6,0.393,0.348,0.761,16.2,5.76,3.7800000000000002,19.8,Role Player
Mark Williams,CHA,C,44,26.6,15.3,2.5,10.2,0.7,1.2,1.6,0.604,0.0,0.804,20.706766917293233,3.3834586466165413,13.804511278195488,36.9,All-Around Player
Mason Plumlee,PHX,F-C,74,17.6,4.5,1.8,6.1,0.4,0.6,0.8,0.619,0.0,0.648,9.204545454545455,3.6818181818181817,12.477272727272727,17.1,Rebounder / Interior Player
Matas Buzelis,CHI,F,80,18.9,8.6,1.0,3.5,0.4,0.9,0.9,0.454,0.361,0.815,16.380952380952383,1.9047619047619049,6.666666666666667,15.9,Rebounder / Interior Player
Max Christie,DAL,G,78,27.3,9.6,1.9,3.3,0.8,0.4,1.1,0.427,0.366,0.855,12.659340659340659,2.505494505494505,4.351648351648351,18.1,Role Player
Max Strus,CLE,G-F,50,25.5,9.4,3.2,4.3,0.5,0.2,1.1,0.442,0.386,0.824,13.270588235294118,4.517647058823529,6.070588235294117,18.6,Role Player
Maxi Kleber,LAL,F,34,18.7,3.0,1.3,2.8,0.3,0.5,0.7,0.385,0.265,0.762,5.775401069518717,2.502673796791444,5.3903743315508015,8.9,Role Player
Maxwell Lewis,BKN,F,28,11.7,4.1,0.7,2.0,0.3,0.3,0.5,0.417,0.38,0.7,12.615384615384615,2.1538461538461537,6.153846153846154,6.3,Role Player
Micah Potter,UTA,C,38,18.6,4.3,0.8,4.3,0.4,0.4,0.8,0.422,0.316,0.85,8.322580645161288,1.5483870967741935,8.322580645161288,11.4,Role Player
Michael Porter Jr.,DEN,F,77,33.7,18.2,2.1,7.0,0.6,0.5,1.4,0.504,0.395,0.768,19.442136498516316,2.2433234421364987,7.4777448071216615,28.8,Scorer
Mikal Bridges,NYK,G-F,82,37.0,17.6,3.7,3.2,0.9,0.5,1.6,0.5,0.354,0.814,17.124324324324327,3.6,3.1135135135135137,27.5,Scorer
Mike Conley,MIN,G,71,24.7,8.2,4.5,2.6,1.1,0.2,1.1,0.4,0.41,0.9,11.951417004048581,6.558704453441296,3.7894736842105265,21.8,Playmaker
Miles Bridges,CHA,F,64,31.7,20.3,3.9,7.5,0.7,0.7,2.1,0.431,0.313,0.87,23.05362776025237,4.429022082018927,8.517350157728707,35.8,All-Around Player
Miles McBride,NYK,G,64,24.9,9.5,2.9,2.5,1.0,0.3,0.6,0.406,0.369,0.813,13.734939759036145,4.19277108433735,3.6144578313253013,19.5,Role Player
Mo Bamba,NOP,UNK,32,12.9,4.3,0.6,4.5,0.3,1.0,0.6,0.464,0.278,0.704,12.0,1.6744186046511627,12.558139534883722,13.8,Rebounder / Interior Player
Monte Morris,PHX,G,45,12.7,5.2,1.6,1.5,0.4,0.1,0.5,0.426,0.36,0.857,14.740157480314963,4.535433070866143,4.251968503937008,7.5,Role Player
Moritz Wagner,ORL,F-C,30,18.8,12.9,1.4,4.9,0.8,0.4,1.6,0.562,0.36,0.718,24.70212765957447,2.6808510638297873,9.382978723404255,21.8,Role Player
Moses Moody,GSW,G,74,22.3,9.8,1.3,2.6,0.8,0.4,0.7,0.433,0.374,0.797,15.820627802690582,2.098654708520179,4.197309417040358,16.1,Role Player
Mouhamed Gueye,ATL,F,33,16.1,6.0,0.8,4.2,0.8,1.0,0.5,0.421,0.259,0.762,13.41614906832298,1.7888198757763973,9.391304347826086,18.3,Rebounder / Interior Player
Moussa Diabaté,CHA,F,71,17.5,5.7,0.8,6.2,0.6,0.6,0.9,0.596,0.0,0.595,11.725714285714286,1.6457142857142857,12.754285714285714,17.7,Rebounder / Interior Player
Myles Turner,IND,C-F,72,30.2,15.6,1.5,6.5,0.8,2.0,1.7,0.481,0.396,0.773,18.596026490066222,1.7880794701986757,7.748344370860928,34.6,All-Around Player
Naji Marshall,DAL,F,69,27.8,13.2,3.0,4.8,1.0,0.2,1.6,0.508,0.275,0.813,17.093525179856115,3.884892086330935,6.215827338129496,25.0,Role Player
Naz Reid,MIN,C-F,80,27.5,14.2,2.3,6.0,0.7,0.9,1.4,0.462,0.379,0.776,18.58909090909091,3.0109090909090908,7.8545454545454545,27.8,Rebounder / Interior Player
Neemias Queta,BOS,C,62,13.9,5.0,0.7,3.8,0.3,0.7,0.6,0.65,0.0,0.754,12.949640287769784,1.8129496402877696,9.841726618705035,11.8,Rebounder / Interior Player
Nic Claxton,BKN,C,70,26.9,10.3,2.2,7.4,0.9,1.4,1.2,0.563,0.238,0.513,13.784386617100374,2.944237918215614,9.903345724907066,31.3,Rebounder / Interior Player
Nick Richards,PHX,C,57,22.0,9.3,0.9,8.2,0.2,1.0,1.4,0.591,0.0,0.744,15.21818181818182,1.4727272727272727,13.418181818181816,22.5,Rebounder / Interior Player
Nick Smith Jr.,CHA,G,60,22.8,9.9,2.4,2.1,0.3,0.1,1.4,0.391,0.34,0.935,15.631578947368421,3.789473684210526,3.31578947368421,12.2,Role Player
Nickeil Alexander-Walker,MIN,G,82,25.3,9.4,2.7,3.2,0.6,0.4,1.2,0.438,0.381,0.78,13.375494071146246,3.8418972332015815,4.553359683794466,17.8,Role Player
Nicolas Batum,LAC,G-F,78,17.5,4.0,1.1,2.8,0.7,0.5,0.4,0.437,0.433,0.81,8.228571428571428,2.262857142857143,5.76,12.1,Role Player
Nikola Jokić,DEN,C,70,36.7,29.6,10.2,12.7,1.8,0.6,3.3,0.576,0.417,0.8,29.035422343324253,10.005449591280652,12.45776566757493,68.3,All-Around Player
Nikola Jović,MIA,F,46,25.1,10.7,2.8,3.9,0.8,0.3,1.3,0.456,0.371,0.828,15.346613545816732,4.015936254980079,5.5936254980079685,20.8,Role Player
Nikola Vučević,CHI,C,73,31.2,18.5,3.5,10.1,0.8,0.7,1.6,0.53,0.402,0.805,21.346153846153847,4.038461538461538,11.653846153846155,38.6,All-Around Player
Noah Clowney,BKN,F-C,46,22.7,9.1,0.9,3.9,0.5,0.5,1.0,0.358,0.333,0.838,14.431718061674008,1.4273127753303965,6.185022026431718,15.3,Role Player
Norman Powell,LAC,G,60,32.6,21.8,2.1,3.2,1.2,0.2,1.8,0.484,0.418,0.804,24.073619631901842,2.3190184049079754,3.5337423312883436,28.0,Two-Way Player
OG Anunoby,NYK,F-G,74,36.6,18.0,2.2,4.8,1.5,0.9,1.4,0.476,0.372,0.81,17.704918032786885,2.1639344262295084,4.721311475409835,34.0,All-Around Player
Obi Toppin,IND,F,79,19.6,10.5,1.6,4.0,0.6,0.4,0.9,0.529,0.365,0.781,19.285714285714285,2.9387755102040813,7.346938775510203,17.8,Role Player
Ochai Agbaji,TOR,G,64,27.2,10.4,1.5,3.8,0.9,0.5,0.8,0.498,0.399,0.708,13.764705882352942,1.9852941176470589,5.029411764705882,19.9,Role Player
Olivier-Maxence Prosper,DAL,F,52,11.2,3.9,0.8,2.4,0.5,0.1,0.3,0.402,0.235,0.645,12.535714285714286,2.5714285714285716,7.714285714285715,7.4,Role Player
Onyeka Okongwu,ATL,F-C,74,27.9,13.4,2.3,8.9,0.9,0.9,1.2,0.567,0.324,0.759,17.290322580645164,2.967741935483871,11.483870967741936,33.2,Rebounder / Interior Player
Orlando Robinson,TOR,UNK,44,17.5,6.9,1.8,5.0,0.4,0.4,1.1,0.444,0.327,0.771,14.194285714285714,3.702857142857143,10.285714285714285,15.9,Role Player
Oso Ighodaro,PHX,F,61,17.1,4.2,1.2,3.6,0.5,0.5,0.6,0.604,0.0,0.58,8.842105263157894,2.526315789473684,7.578947368421052,12.2,Role Player
Ousmane Dieng,OKC,F,37,10.9,3.8,0.8,2.2,0.5,0.2,0.5,0.432,0.324,0.688,12.55045871559633,2.6422018348623855,7.2660550458715605,7.5,Role Player
P.J. Washington,DAL,F,57,32.2,14.7,2.3,7.8,1.1,1.1,2.1,0.453,0.381,0.722,16.43478260869565,2.5714285714285707,8.720496894409937,34.8,All-Around Player
Paolo Banchero,ORL,F,46,34.4,25.9,4.8,7.5,0.8,0.6,3.0,0.452,0.32,0.727,27.1046511627907,5.023255813953488,7.848837209302325,41.2,All-Around Player
Pascal Siakam,IND,F,78,32.7,20.2,3.4,6.9,0.9,0.5,1.4,0.519,0.389,0.734,22.23853211009174,3.743119266055045,7.5963302752293576,34.3,All-Around Player
Pat Connaughton,MIL,G,41,14.7,5.3,1.7,2.7,0.2,0.3,0.6,0.469,0.321,0.774,12.979591836734695,4.163265306122449,6.612244897959184,9.2,Role Player
Patrick Williams,CHI,F,63,25.0,9.0,2.0,3.8,0.8,0.5,1.4,0.397,0.353,0.723,12.959999999999999,2.88,5.4719999999999995,19.2,Role Player
Patty Mills,LAC,G,29,11.1,3.8,0.9,0.8,0.4,0.1,0.6,0.375,0.347,0.929,12.324324324324325,2.9189189189189193,2.5945945945945947,4.3,Role Player
Paul George,PHI,F,41,32.5,16.2,4.3,5.3,1.8,0.5,2.6,0.43,0.358,0.814,17.944615384615386,4.763076923076922,5.8707692307692305,37.3,All-Around Player
Payton Pritchard,BOS,G,80,28.4,14.3,3.5,3.8,0.9,0.2,1.0,0.472,0.407,0.845,18.12676056338028,4.436619718309859,4.816901408450704,24.4,Playmaker
Pelle Larsson,MIA,G,55,14.2,4.6,1.2,1.7,0.6,0.1,0.4,0.438,0.337,0.672,11.661971830985916,3.0422535211267605,4.309859154929578,8.2,Role Player
Peyton Watson,DEN,G,68,24.3,8.1,1.4,3.4,0.7,1.4,0.8,0.477,0.353,0.693,12.0,2.074074074074074,5.037037037037037,20.9,Rebounder / Interior Player
Precious Achiuwa,NYK,F,57,20.5,6.6,1.0,5.6,0.8,0.7,0.8,0.502,0.278,0.594,11.590243902439024,1.7560975609756098,9.834146341463413,19.6,Rebounder / Interior Player
Quentin Grimes,PHI,G,75,26.8,14.6,3.0,4.3,1.0,0.3,1.9,0.467,0.385,0.757,19.611940298507463,4.029850746268657,5.776119402985074,25.7,Two-Way Player
Quenton Jackson,IND,G,28,13.6,5.8,1.9,1.6,0.8,0.2,0.6,0.475,0.375,0.775,15.352941176470587,5.029411764705882,4.235294117647059,12.0,Role Player
Quinten Post,GSW,C,42,16.3,8.1,1.3,3.5,0.4,0.4,0.8,0.449,0.408,0.778,17.889570552147237,2.871165644171779,7.730061349693251,13.5,Role Player
RJ Barrett,TOR,F-G,58,32.2,21.1,5.4,6.3,0.8,0.3,2.9,0.468,0.35,0.63,23.59006211180124,6.037267080745341,7.0434782608695645,35.8,All-Around Player
Reece Beekman,BKN,G,36,13.0,2.6,1.8,1.1,0.9,0.1,0.6,0.327,0.175,0.762,7.2,4.984615384615385,3.0461538461538464,9.2,Role Player
Reed Sheppard,HOU,G,52,12.6,4.4,1.4,1.5,0.7,0.3,0.7,0.351,0.338,0.813,12.571428571428573,4.0,4.285714285714286,9.8,Role Player
Reggie Jackson,PHI,UNK,31,12.4,4.4,1.5,1.4,0.5,0.1,0.5,0.391,0.338,0.778,12.774193548387098,4.354838709677419,4.064516129032257,7.4,Role Player
Richaun Holmes,WAS,F,31,17.2,7.4,1.4,5.7,0.3,0.7,0.7,0.647,0.0,0.833,15.488372093023257,2.9302325581395348,11.930232558139537,17.5,Rebounder / Interior Player
Ricky Council IV,PHI,G,73,17.1,7.3,1.3,2.9,0.4,0.2,0.7,0.382,0.258,0.804,15.368421052631579,2.7368421052631575,6.105263157894736,11.0,Role Player
Rob Dillingham,MIN,G,49,10.5,4.5,2.0,1.0,0.4,0.0,1.1,0.441,0.338,0.533,15.428571428571427,6.857142857142857,3.4285714285714284,6.5,Role Player
Robert Williams III,POR,C-F,20,17.6,5.8,1.1,5.9,0.7,1.7,0.9,0.641,0.333,0.882,11.863636363636363,2.25,12.068181818181817,24.3,Rebounder / Interior Player
Ronald Holland II,DET,F,81,15.6,6.4,1.0,2.7,0.6,0.2,0.9,0.474,0.238,0.754,14.76923076923077,2.307692307692308,6.230769230769232,11.0,Role Player
Royce O'Neale,PHX,F,75,24.5,9.1,2.2,4.7,0.9,0.4,0.9,0.423,0.406,0.731,13.371428571428572,3.23265306122449,6.906122448979592,21.1,Role Player
Rudy Gobert,MIN,C,72,33.2,12.0,1.8,10.9,0.8,1.4,1.2,0.669,0.0,0.674,13.012048192771083,1.9518072289156625,11.819277108433734,36.3,Rebounder / Interior Player
Rui Hachimura,LAL,F,59,31.7,13.1,1.4,5.0,0.8,0.4,0.8,0.509,0.413,0.77,14.876971608832807,1.5899053627760251,5.678233438485804,22.1,Role Player
Russell Westbrook,DEN,G,75,27.9,13.3,6.1,4.9,1.4,0.5,3.2,0.449,0.323,0.661,17.161290322580648,7.870967741935484,6.322580645161291,35.2,Playmaker
Ryan Dunn,PHX,F,74,19.1,6.9,0.8,3.6,0.6,0.5,0.5,0.43,0.311,0.487,13.00523560209424,1.5078534031413613,6.785340314136125,13.9,Role Player
Ryan Rollins,MIL,G,56,14.6,6.2,1.9,1.9,0.8,0.3,0.9,0.487,0.408,0.8,15.287671232876713,4.684931506849315,4.684931506849315,13.2,Role Player
Sam Hauser,BOS,F,71,21.7,8.5,0.9,3.2,0.6,0.2,0.3,0.451,0.416,1.0,14.101382488479263,1.4930875576036866,5.308755760368664,13.0,Role Player
Sam Merrill,CLE,G,71,19.7,7.2,1.5,2.2,0.7,0.2,0.5,0.406,0.372,0.966,13.157360406091373,2.7411167512690358,4.020304568527919,12.4,Role Player
Sandro Mamukelashvili,SAS,F-C,61,11.2,6.3,0.8,3.1,0.4,0.3,0.4,0.502,0.373,0.741,20.25,2.5714285714285716,9.964285714285715,10.3,Role Player
Santi Aldama,MEM,F-C,65,25.5,12.5,2.9,6.4,0.8,0.4,1.1,0.483,0.368,0.691,17.64705882352941,4.094117647058823,9.035294117647059,26.5,Rebounder / Interior Player
Scoot Henderson,POR,G,66,26.7,12.7,5.1,3.0,1.0,0.2,2.7,0.419,0.354,0.767,17.123595505617978,6.876404494382022,4.044943820224719,25.7,Playmaker
Scottie Barnes,TOR,F-G,65,32.8,19.3,5.8,7.7,1.4,1.0,2.8,0.446,0.271,0.755,21.182926829268297,6.365853658536586,8.451219512195122,45.4,All-Around Player
Scotty Pippen Jr.,MEM,G,79,21.3,9.9,4.4,3.3,1.3,0.4,1.7,0.48,0.397,0.713,16.732394366197184,7.43661971830986,5.577464788732394,26.3,Playmaker
Seth Curry,CHA,G,68,15.6,6.5,0.9,1.7,0.4,0.1,0.5,0.478,0.456,0.846,15.0,2.076923076923077,3.9230769230769234,7.4,Role Player
Shaedon Sharpe,POR,G,72,31.3,18.5,2.8,4.5,0.9,0.2,2.1,0.452,0.311,0.785,21.277955271565496,3.220447284345048,5.175718849840256,26.9,Scorer
Shai Gilgeous-Alexander,OKC,G,76,34.2,32.7,6.4,5.0,1.7,1.0,2.4,0.519,0.375,0.898,34.421052631578945,6.7368421052631575,5.263157894736842,53.2,All-Around Player
Shake Milton,LAL,G,57,14.7,5.5,1.8,1.8,0.4,0.1,0.7,0.453,0.358,0.797,13.469387755102042,4.408163265306123,4.408163265306123,8.5,Role Player
Simone Fontecchio,DET,F,75,16.5,5.9,0.9,2.9,0.4,0.2,0.7,0.402,0.335,0.833,12.872727272727273,1.9636363636363638,6.327272727272727,9.4,Role Player
Spencer Dinwiddie,DAL,G,79,27.0,11.0,4.4,2.6,0.9,0.2,1.3,0.416,0.334,0.802,14.666666666666666,5.866666666666667,3.466666666666667,22.0,Playmaker
Stephen Curry,GSW,G,70,32.2,24.5,6.0,4.4,1.1,0.4,2.9,0.448,0.397,0.933,27.391304347826086,6.70807453416149,4.919254658385094,38.8,All-Around Player
Stephon Castle,SAS,G,81,26.7,14.7,4.1,3.7,0.9,0.3,2.2,0.428,0.285,0.724,19.820224719101123,5.528089887640449,4.988764044943821,26.1,Scorer
Steven Adams,HOU,C,58,13.7,3.9,1.1,5.6,0.4,0.5,0.9,0.545,0.0,0.462,10.248175182481752,2.89051094890511,14.715328467153284,14.2,Rebounder / Interior Player
Svi Mykhailiuk,UTA,G-F,38,20.0,8.8,2.0,2.4,0.5,0.2,1.4,0.391,0.345,0.8,15.840000000000002,3.6,4.32,13.2,Role Player
T.J. McConnell,IND,G,79,17.9,9.1,4.4,2.4,1.1,0.3,1.4,0.519,0.306,0.74,18.301675977653634,8.849162011173187,4.826815642458101,22.4,Playmaker
Taj Gibson,CHA,F,37,11.1,2.9,0.6,3.2,0.2,0.5,0.7,0.495,0.5,0.6,9.405405405405405,1.945945945945946,10.378378378378379,7.5,Role Player
Talen Horton-Tucker,CHI,G,58,12.5,6.5,1.4,1.7,0.4,0.2,0.7,0.457,0.336,0.735,18.72,4.032,4.896000000000001,8.8,Role Player
Tari Eason,HOU,F,57,24.9,12.0,1.5,6.4,1.7,0.9,1.1,0.487,0.342,0.76,17.34939759036145,2.168674698795181,9.253012048192772,32.7,All-Around Player
Taurean Prince,MIL,F,80,27.1,8.2,1.9,3.6,1.0,0.2,1.0,0.457,0.439,0.813,10.892988929889297,2.523985239852398,4.782287822878229,18.0,Role Player
Terance Mann,ATL,G-F,67,21.1,7.7,1.8,3.0,0.7,0.2,0.7,0.496,0.368,0.691,13.137440758293838,3.0710900473933647,5.118483412322274,14.5,Role Player
Terrence Shannon Jr.,MIN,G-F,32,10.6,4.3,1.0,1.5,0.2,0.2,0.5,0.482,0.355,0.81,14.60377358490566,3.3962264150943398,5.09433962264151,5.0,Role Player
Terry Rozier,MIA,G,64,25.9,10.6,2.6,3.7,0.6,0.2,1.2,0.391,0.295,0.852,14.733590733590734,3.6138996138996142,5.142857142857143,18.1,Role Player
Thomas Bryant,IND,C-F,66,14.6,6.5,0.8,3.8,0.4,0.6,0.5,0.508,0.324,0.859,16.027397260273972,1.9726027397260275,9.36986301369863,13.1,Rebounder / Interior Player
Tidjane Salaün,CHA,F,60,20.7,5.9,1.2,4.7,0.5,0.2,1.0,0.33,0.283,0.713,10.260869565217392,2.0869565217391304,8.173913043478262,13.4,Role Player
Tim Hardaway Jr.,DET,G-F,77,28.0,11.0,1.6,2.4,0.5,0.1,0.6,0.406,0.368,0.855,14.142857142857142,2.0571428571428574,3.085714285714286,13.4,Role Player
Tobias Harris,DET,F,73,31.6,13.7,2.2,5.9,1.0,0.8,1.2,0.477,0.345,0.861,15.60759493670886,2.5063291139240507,6.7215189873417724,28.8,All-Around Player
Torrey Craig,BOS,F,26,12.1,4.2,0.7,2.8,0.3,0.5,0.3,0.422,0.364,0.667,12.495867768595042,2.0826446280991733,8.330578512396693,8.7,Role Player
Tosan Evbuomwan,BKN,F,28,23.7,9.5,2.0,4.3,0.9,0.4,1.4,0.427,0.312,0.753,14.430379746835442,3.0379746835443036,6.531645569620253,20.4,Role Player
Toumani Camara,POR,F,78,32.7,11.3,2.2,5.8,1.5,0.6,1.4,0.458,0.375,0.722,12.440366972477065,2.422018348623853,6.38532110091743,29.6,All-Around Player
Trae Young,ATL,G,76,36.0,24.2,11.6,3.1,1.2,0.2,4.7,0.411,0.34,0.875,24.2,11.599999999999998,3.1,46.2,All-Around Player
Trayce Jackson-Davis,GSW,F,62,15.6,6.6,1.7,5.0,0.4,0.6,0.7,0.576,0.0,0.578,15.23076923076923,3.9230769230769234,11.53846153846154,16.6,Rebounder / Interior Player
Tre Jones,CHI,G,46,19.7,7.2,4.2,2.5,0.8,0.2,0.8,0.538,0.396,0.821,13.157360406091373,7.6751269035533,4.568527918781726,18.3,Playmaker
Trendon Watford,BKN,G-F,44,20.7,10.2,2.6,3.6,0.6,0.3,1.9,0.469,0.33,0.762,17.73913043478261,4.521739130434783,6.2608695652173925,18.2,Role Player
Trevelin Queen,ORL,G,31,13.9,4.9,1.2,1.7,1.0,0.3,0.7,0.381,0.286,0.857,12.69064748201439,3.107913669064748,4.402877697841726,12.3,Role Player
Trey Jemison III,LAL,C,38,10.3,2.5,0.4,2.8,0.2,0.4,0.6,0.554,0.0,0.394,8.737864077669903,1.3980582524271843,9.78640776699029,5.8,Role Player
Trey Lyles,SAC,F,69,19.6,6.5,1.2,4.6,0.6,0.3,0.6,0.42,0.34,0.7,11.938775510204081,2.204081632653061,8.448979591836734,14.9,Role Player
Trey Murphy III,NOP,F,53,35.0,21.2,3.5,5.1,1.1,0.7,1.9,0.454,0.361,0.887,21.805714285714284,3.6,5.2457142857142856,34.9,All-Around Player
Tristan Vukcevic,WAS,F,35,14.6,9.4,1.1,3.7,0.3,0.7,1.2,0.496,0.373,0.776,23.178082191780824,2.712328767123288,9.123287671232877,15.2,Rebounder / Interior Player
Tristan da Silva,ORL,F,74,22.0,7.2,1.5,3.3,0.4,0.2,0.8,0.412,0.335,0.873,11.781818181818181,2.454545454545454,5.3999999999999995,11.9,Role Player
Ty Jerome,CLE,G-F,70,19.9,12.5,3.4,2.5,1.1,0.0,1.3,0.516,0.439,0.872,22.61306532663317,6.150753768844222,4.522613065326634,21.4,Playmaker
Tyler Herro,MIA,G,77,35.4,23.9,5.5,5.2,0.9,0.2,2.6,0.472,0.375,0.878,24.30508474576271,5.593220338983051,5.288135593220339,36.3,All-Around Player
Tyrese Haliburton,IND,G,73,33.6,18.6,9.2,3.5,1.4,0.7,1.6,0.473,0.388,0.851,19.92857142857143,9.857142857142856,3.7499999999999996,43.0,All-Around Player
Tyrese Martin,BKN,F,60,21.9,8.7,2.0,3.7,0.6,0.2,1.2,0.406,0.351,0.793,14.301369863013697,3.2876712328767126,6.082191780821918,15.8,Role Player
Tyrese Maxey,PHI,G,52,37.7,26.3,6.1,3.3,1.8,0.4,2.4,0.437,0.337,0.879,25.114058355437663,5.824933687002652,3.1511936339522544,43.5,All-Around Player
Tyus Jones,PHX,G,81,26.8,10.2,5.3,2.4,0.9,0.1,1.1,0.448,0.414,0.895,13.701492537313433,7.119402985074626,3.2238805970149254,22.3,Playmaker
Vasilije Micic,PHX,G,41,19.1,6.6,3.1,2.2,0.4,0.0,1.9,0.348,0.36,0.829,12.439790575916229,5.842931937172775,4.146596858638743,11.6,Role Player
Victor Wembanyama,SAS,F-C,46,33.2,24.3,3.7,11.0,1.1,3.8,3.2,0.476,0.352,0.836,26.349397590361445,4.0120481927710845,11.927710843373493,62.6,All-Around Player
Vince Williams Jr.,MEM,G,27,18.5,6.6,2.0,3.6,0.4,0.3,1.2,0.401,0.274,0.792,12.843243243243242,3.891891891891892,7.005405405405406,13.4,Role Player
Vít Krejčí,ATL,G,57,20.2,7.2,2.6,2.7,0.6,0.5,0.9,0.497,0.437,0.711,12.831683168316832,4.633663366336634,4.811881188118813,16.0,Role Player
Walker Kessler,UTA,C,58,30.0,11.1,1.7,12.2,0.6,2.4,1.5,0.663,0.176,0.52,13.32,2.04,14.639999999999999,41.4,Rebounder / Interior Player
Wendell Carter Jr.,ORL,C-F,68,25.9,9.1,2.0,7.2,0.8,0.6,1.1,0.46,0.234,0.737,12.64864864864865,2.7799227799227797,10.007722007722007,24.9,Rebounder / Interior Player
Wendell Moore Jr.,CHA,G,36,13.9,4.2,1.2,2.6,0.6,0.1,0.8,0.468,0.341,0.818,10.877697841726619,3.107913669064748,6.733812949640288,9.3,Role Player
Yves Missi,NOP,C,73,26.8,9.1,1.4,8.2,0.5,1.3,1.1,0.547,0.0,0.623,12.223880597014924,1.880597014925373,11.014925373134327,27.0,Rebounder / Interior Player
Zaccharie Risacher,ATL,F,75,24.6,12.6,1.2,3.6,0.7,0.5,1.2,0.458,0.355,0.711,18.4390243902439,1.7560975609756095,5.268292682926829,19.1,Role Player
Zach Collins,CHI,F-C,64,15.3,6.4,1.7,4.5,0.5,0.5,0.9,0.507,0.302,0.885,15.058823529411764,4.0,10.588235294117647,15.9,Role Player
Zach Edey,MEM,C,66,21.5,9.2,1.0,8.3,0.5,1.3,1.3,0.58,0.346,0.709,15.404651162790698,1.6744186046511627,13.897674418604652,26.5,Rebounder / Interior Player
Zach LaVine,SAC,G,74,35.2,23.3,4.2,4.3,0.8,0.2,2.8,0.511,0.446,0.825,23.829545454545453,4.295454545454545,4.3977272727272725,31.5,Scorer
Zeke Nnaji,DEN,F-C,57,10.7,3.2,0.4,1.6,0.4,0.7,0.2,0.496,0.327,0.614,10.766355140186917,1.3457943925233646,5.3831775700934585,7.4,Rebounder / Interior Player
Ziaire Williams,BKN,F,63,24.5,10.0,1.3,4.6,1.0,0.4,1.1,0.412,0.341,0.821,14.693877551020408,1.9102040816326533,6.759183673469387,20.7,Role Player
Zion Williamson,NOP,F,30,28.6,24.6,5.3,7.2,1.2,0.9,3.0,0.567,0.231,0.656,30.965034965034963,6.671328671328672,9.062937062937062,45.3,All-Around Player
